run_dir,repo,run_id,score,anomaly
apache_spark_20041192690,apache_spark,20041192690,0.2327716920151064,False
apache_spark_20049029380,apache_spark,20049029380,0.23394996254103217,False
apache_spark_20055056514,apache_spark,20055056514,0.15588389636012956,False
apache_spark_20055335374,apache_spark,20055335374,0.2342575482874515,False
apache_spark_20058334134,apache_spark,20058334134,0.2343026283686715,False
apache_spark_20062891351,apache_spark,20062891351,0.1887484004796393,False
apache_spark_20068214856,apache_spark,20068214856,0.2301277626760755,False
apache_spark_20071988110,apache_spark,20071988110,0.235785099433032,False
apache_spark_20080929438,apache_spark,20080929438,0.18955891418427523,False
apache_spark_20083193450,apache_spark,20083193450,0.2282517641342549,False
apache_spark_20086347134,apache_spark,20086347134,-0.029519587461174,True
apache_spark_20090394765,apache_spark,20090394765,0.15718655205400217,False
apache_spark_20091813634,apache_spark,20091813634,0.23623655900556695,False
apache_spark_20098039699,apache_spark,20098039699,0.19031960271776938,False
apache_spark_20103265064,apache_spark,20103265064,0.22994651466669408,False
apache_spark_20103329863,apache_spark,20103329863,0.22976006619327932,False
apache_spark_20110083091,apache_spark,20110083091,0.23690251222595132,False
apache_spark_20110097373,apache_spark,20110097373,0.19099123064379137,False
apache_spark_20110132106,apache_spark,20110132106,0.236832363998342,False
apache_spark_20112812297,apache_spark,20112812297,0.23661878799770025,False
apache_spark_20113663573,apache_spark,20113663573,0.2368143964137811,False
apache_spark_20116592849,apache_spark,20116592849,0.2368742426819539,False
apache_spark_20116717362,apache_spark,20116717362,0.2368040882923273,False
apache_spark_20117164290,apache_spark,20117164290,-0.03741207690080417,True
apache_spark_20117175235,apache_spark,20117175235,0.18575535955784123,False
apache_spark_20117220811,apache_spark,20117220811,-0.03441321608301351,True
apache_spark_20118183489,apache_spark,20118183489,-0.03680737936680889,True
apache_spark_20119716604,apache_spark,20119716604,-0.034980551307924324,True
apache_spark_20121252938,apache_spark,20121252938,-0.011382852267281418,True
apache_spark_20121332602,apache_spark,20121332602,0.23654343151369628,False
apache_spark_20121526246,apache_spark,20121526246,0.23654343151369628,False
apache_spark_20122673142,apache_spark,20122673142,0.23654343151369628,False
apache_spark_20122866595,apache_spark,20122866595,0.23647320501593427,False
apache_spark_20123080621,apache_spark,20123080621,0.23654343151369628,False
apache_spark_20123783481,apache_spark,20123783481,-0.03726543714048758,True
apache_spark_20124721866,apache_spark,20124721866,0.23654343151369628,False
apache_spark_20124988531,apache_spark,20124988531,0.1587072269356578,False
apache_spark_20132512775,apache_spark,20132512775,-0.07302353605378809,True
apache_spark_20135656142,apache_spark,20135656142,0.22289912316371885,False
apache_spark_20201515908,apache_spark,20201515908,-0.020264497664472136,True
apache_spark_20204392337,apache_spark,20204392337,0.1471137628683935,False
apache_spark_20207697671,apache_spark,20207697671,0.16963549937650846,False
apache_spark_20209844348,apache_spark,20209844348,0.2118650204385945,False
apache_spark_20217713631,apache_spark,20217713631,-0.057048700859249624,True
apache_spark_20218844140,apache_spark,20218844140,-0.03641135959331554,True
apache_spark_20218914029,apache_spark,20218914029,-0.032798437841381256,True
apache_spark_20220663986,apache_spark,20220663986,0.21887703042173073,False
apache_spark_20220728147,apache_spark,20220728147,0.21864701803263425,False
apache_spark_20220921261,apache_spark,20220921261,0.21887703042173073,False
apache_spark_20220997373,apache_spark,20220997373,0.2186230283743607,False
apache_spark_20221116674,apache_spark,20221116674,-0.11197501821056521,True
apache_spark_20221973536,apache_spark,20221973536,-0.018951248590314385,True
apache_spark_20223600741,apache_spark,20223600741,0.14069164832144637,False
apache_spark_20224175662,apache_spark,20224175662,0.21928208046881642,False
apache_spark_20224259566,apache_spark,20224259566,0.21804634813042106,False
apache_spark_20226039777,apache_spark,20226039777,0.21905697321469403,False
apache_spark_20226389841,apache_spark,20226389841,0.21905697321469403,False
apache_spark_20233930923,apache_spark,20233930923,0.21996008309748272,False
apache_spark_20236730094,apache_spark,20236730094,0.21962072917252412,False
apache_spark_20237056856,apache_spark,20237056856,0.21160298105461905,False
apache_spark_20237380985,apache_spark,20237380985,0.21962072917252412,False
apache_spark_20245850196,apache_spark,20245850196,-0.09039771479058722,True
apache_spark_20253244648,apache_spark,20253244648,0.2145160877534935,False
apache_spark_20253411504,apache_spark,20253411504,0.2144065323839323,False
apache_spark_20253668368,apache_spark,20253668368,0.21452299231604627,False
apache_spark_20259592096,apache_spark,20259592096,0.13394238481906584,False
apache_spark_20267354489,apache_spark,20267354489,0.163711333913027,False
apache_spark_20272644964,apache_spark,20272644964,0.20867108390966355,False
apache_spark_20293464325,apache_spark,20293464325,-0.04497667205326139,True
apache_spark_20294689495,apache_spark,20294689495,0.13109975758146974,False
apache_spark_20295433436,apache_spark,20295433436,0.16754557140187176,False
apache_spark_20295478975,apache_spark,20295478975,0.21395601666672953,False
apache_spark_20300756800,apache_spark,20300756800,0.21324174091107595,False
apache_spark_20301081110,apache_spark,20301081110,0.15860875215165565,False
apache_spark_20301952777,apache_spark,20301952777,0.15860875215165565,False
apache_spark_20302209410,apache_spark,20302209410,-0.11554716114381292,True
apache_spark_20303467350,apache_spark,20303467350,-0.0349215626802728,True
apache_spark_20305538109,apache_spark,20305538109,-0.07782529685823569,True
apache_spark_20305947596,apache_spark,20305947596,0.21375764889087756,False
apache_spark_20306012284,apache_spark,20306012284,0.21375764889087756,False
apache_spark_20307314721,apache_spark,20307314721,-0.08555130712647252,True
apache_spark_20307402971,apache_spark,20307402971,0.20831996460097857,False
apache_spark_20307622082,apache_spark,20307622082,-0.058457949441826584,True
apache_spark_20307797579,apache_spark,20307797579,0.21270000449540744,False
apache_spark_20309322542,apache_spark,20309322542,0.16176388548268011,False
apache_spark_20309944658,apache_spark,20309944658,-0.04573248527574403,True
apache_spark_20311024538,apache_spark,20311024538,0.21188568540088792,False
apache_spark_20320659001,apache_spark,20320659001,0.20902820142088102,False
facebook_react-native_19983012180,facebook_react-native,19983012180,0.22277149339993624,False
facebook_react-native_19985496568,facebook_react-native,19985496568,0.09646964197223917,False
facebook_react-native_19998146632,facebook_react-native,19998146632,0.10016002855707584,False
facebook_react-native_19998950184,facebook_react-native,19998950184,0.2248260455844711,False
facebook_react-native_20003286410,facebook_react-native,20003286410,0.22717698782770374,False
facebook_react-native_20003912179,facebook_react-native,20003912179,0.22717698782770374,False
facebook_react-native_20003912211,facebook_react-native,20003912211,0.10667770243578173,False
facebook_react-native_20016675920,facebook_react-native,20016675920,0.2261306480757232,False
facebook_react-native_20021506878,facebook_react-native,20021506878,0.12290514973448169,False
facebook_react-native_20021787908,facebook_react-native,20021787908,0.12251398128450114,False
facebook_react-native_20022963425,facebook_react-native,20022963425,0.12208418355247869,False
facebook_react-native_20023193608,facebook_react-native,20023193608,0.07885117158234584,False
facebook_react-native_20026908907,facebook_react-native,20026908907,0.12331507772565348,False
facebook_react-native_20027797594,facebook_react-native,20027797594,0.2312300506582049,False
facebook_react-native_20027797912,facebook_react-native,20027797912,0.12398626674941687,False
facebook_react-native_20028110789,facebook_react-native,20028110789,0.1235115133093535,False
facebook_react-native_20028594468,facebook_react-native,20028594468,0.12316454283319933,False
facebook_react-native_20028616956,facebook_react-native,20028616956,0.1240298337567019,False
facebook_react-native_20028618867,facebook_react-native,20028618867,0.12332932322495849,False
facebook_react-native_20028621230,facebook_react-native,20028621230,0.22820545190907243,False
facebook_react-native_20030265333,facebook_react-native,20030265333,0.07209731619935744,False
facebook_react-native_20031544532,facebook_react-native,20031544532,0.07321424416344846,False
facebook_react-native_20033093839,facebook_react-native,20033093839,0.06999034624808859,False
facebook_react-native_20033837989,facebook_react-native,20033837989,0.07348710235944733,False
facebook_react-native_20034338899,facebook_react-native,20034338899,0.04062662683473528,False
facebook_react-native_20034941605,facebook_react-native,20034941605,0.0734952619880826,False
facebook_react-native_20035472873,facebook_react-native,20035472873,0.0736106961514395,False
facebook_react-native_20035754584,facebook_react-native,20035754584,0.06951388883615589,False
facebook_react-native_20036956684,facebook_react-native,20036956684,0.07268345479106852,False
facebook_react-native_20038212125,facebook_react-native,20038212125,0.22947122800605196,False
facebook_react-native_20046816646,facebook_react-native,20046816646,0.07658024793114365,False
facebook_react-native_20047646059,facebook_react-native,20047646059,0.12744786044171746,False
facebook_react-native_20048190376,facebook_react-native,20048190376,0.23190709098109907,False
facebook_react-native_20050234296,facebook_react-native,20050234296,0.15786630085889197,False
facebook_react-native_20051905723,facebook_react-native,20051905723,0.23394996254103217,False
facebook_react-native_20056093713,facebook_react-native,20056093713,0.12857306528487422,False
facebook_react-native_20058718007,facebook_react-native,20058718007,0.129512592380847,False
facebook_react-native_20059186150,facebook_react-native,20059186150,0.12860758090478702,False
facebook_react-native_20059261147,facebook_react-native,20059261147,0.12857306528487422,False
facebook_react-native_20059341573,facebook_react-native,20059341573,0.12948247822975717,False
facebook_react-native_20060121178,facebook_react-native,20060121178,0.2324647284337779,False
facebook_react-native_20060992639,facebook_react-native,20060992639,0.127399007014108,False
facebook_react-native_20062059813,facebook_react-native,20062059813,0.12399153833248089,False
facebook_react-native_20064416330,facebook_react-native,20064416330,0.11734219262414264,False
facebook_react-native_20066087619,facebook_react-native,20066087619,0.12279435888272966,False
facebook_react-native_20066953199,facebook_react-native,20066953199,0.11792230895081096,False
facebook_react-native_20068706942,facebook_react-native,20068706942,0.12490632327307499,False
facebook_react-native_20068761373,facebook_react-native,20068761373,0.1191355462513608,False
facebook_react-native_20068941772,facebook_react-native,20068941772,0.1233952059570067,False
facebook_react-native_20069452881,facebook_react-native,20069452881,0.12335661340072451,False
facebook_react-native_20070939759,facebook_react-native,20070939759,0.12457728673926827,False
facebook_react-native_20070959143,facebook_react-native,20070959143,0.23567036417673298,False
facebook_react-native_20072090745,facebook_react-native,20072090745,0.23603912425293455,False
facebook_react-native_20073111134,facebook_react-native,20073111134,0.12504502558109504,False
facebook_react-native_20075414085,facebook_react-native,20075414085,0.23625532368847585,False
facebook_react-native_20087306826,facebook_react-native,20087306826,0.23203474674335656,False
facebook_react-native_20097011772,facebook_react-native,20097011772,0.12635673171233885,False
facebook_react-native_20097014113,facebook_react-native,20097014113,0.23204465434344979,False
facebook_react-native_20099452452,facebook_react-native,20099452452,0.22172149871785185,False
facebook_react-native_20101631388,facebook_react-native,20101631388,0.23560953318006145,False
facebook_react-native_20101632390,facebook_react-native,20101632390,0.23571882149520967,False
facebook_react-native_20101632533,facebook_react-native,20101632533,0.12694646693045764,False
facebook_react-native_20101633219,facebook_react-native,20101633219,0.23292977203755716,False
facebook_react-native_20101633382,facebook_react-native,20101633382,0.1262993174885647,False
facebook_react-native_20101634152,facebook_react-native,20101634152,0.23571882149520967,False
facebook_react-native_20101635168,facebook_react-native,20101635168,0.12537540112211526,False
facebook_react-native_20101635633,facebook_react-native,20101635633,0.23571882149520967,False
facebook_react-native_20101636205,facebook_react-native,20101636205,0.12423835857654619,False
facebook_react-native_20102072517,facebook_react-native,20102072517,0.23479147631932656,False
facebook_react-native_20103952845,facebook_react-native,20103952845,0.12165008173240316,False
facebook_react-native_20104603951,facebook_react-native,20104603951,0.23557348457264848,False
facebook_react-native_20104604693,facebook_react-native,20104604693,0.12694593247553088,False
facebook_react-native_20105072578,facebook_react-native,20105072578,0.23557348457264848,False
facebook_react-native_20105072602,facebook_react-native,20105072602,0.12765414973928157,False
facebook_react-native_20105422054,facebook_react-native,20105422054,0.23568278508073148,False
facebook_react-native_20105422889,facebook_react-native,20105422889,0.12731467292330007,False
facebook_react-native_20105589301,facebook_react-native,20105589301,0.23597843684859632,False
facebook_react-native_20105888728,facebook_react-native,20105888728,0.23568278508073148,False
facebook_react-native_20105888935,facebook_react-native,20105888935,0.1252429878210395,False
facebook_react-native_20106026616,facebook_react-native,20106026616,0.2355035864534667,False
facebook_react-native_20106475670,facebook_react-native,20106475670,0.08994589612531723,False
facebook_react-native_20106553897,facebook_react-native,20106553897,0.23557348457264848,False
facebook_react-native_20106554138,facebook_react-native,20106554138,0.10679213757474693,False
facebook_react-native_20107834167,facebook_react-native,20107834167,0.23597843684859632,False
facebook_react-native_20107834878,facebook_react-native,20107834878,0.08433611207949354,False
facebook_react-native_20108998895,facebook_react-native,20108998895,0.1453967372151398,False
facebook_react-native_20109259635,facebook_react-native,20109259635,0.23392930619485874,False
facebook_react-native_20109259764,facebook_react-native,20109259764,0.09732880315056547,False
facebook_react-native_20109269461,facebook_react-native,20109269461,0.23601003011748695,False
facebook_react-native_20109851874,facebook_react-native,20109851874,0.08944713690868888,False
facebook_react-native_20111030034,facebook_react-native,20111030034,0.12881876124981678,False
facebook_react-native_20111052214,facebook_react-native,20111052214,0.23568278508073148,False
facebook_react-native_20111052810,facebook_react-native,20111052810,0.09094950330724505,False
facebook_react-native_20113353118,facebook_react-native,20113353118,0.23524450334495478,False
facebook_react-native_20113725626,facebook_react-native,20113725626,0.23557348457264848,False
facebook_react-native_20121508537,facebook_react-native,20121508537,0.23610590962684547,False
facebook_react-native_20121508592,facebook_react-native,20121508592,0.09113092672031353,False
facebook_react-native_20121952228,facebook_react-native,20121952228,0.23238386975335995,False
facebook_react-native_20127477052,facebook_react-native,20127477052,0.23581037463134735,False
facebook_react-native_20127477914,facebook_react-native,20127477914,0.09412160421923715,False
facebook_react-native_20127527852,facebook_react-native,20127527852,0.23570111729323795,False
facebook_react-native_20127528586,facebook_react-native,20127528586,0.09282254829151215,False
facebook_react-native_20127540810,facebook_react-native,20127540810,0.23610590962684547,False
facebook_react-native_20127541479,facebook_react-native,20127541479,0.09295457829483289,False
facebook_react-native_20127673924,facebook_react-native,20127673924,0.23610590962684547,False
facebook_react-native_20127674253,facebook_react-native,20127674253,0.0928329820166508,False
facebook_react-native_20127675058,facebook_react-native,20127675058,0.2354291093624098,False
facebook_react-native_20127676044,facebook_react-native,20127676044,0.09085002146531163,False
facebook_react-native_20127695587,facebook_react-native,20127695587,0.233728363406925,False
facebook_react-native_20127696278,facebook_react-native,20127696278,0.11199344951222728,False
facebook_react-native_20127703145,facebook_react-native,20127703145,0.2307490966271794,False
facebook_react-native_20127703920,facebook_react-native,20127703920,0.09490636618194143,False
facebook_react-native_20131679528,facebook_react-native,20131679528,0.2346327578624106,False
facebook_react-native_20131680286,facebook_react-native,20131680286,0.09016464808069657,False
facebook_react-native_20131693622,facebook_react-native,20131693622,0.23280900216246714,False
facebook_react-native_20131730355,facebook_react-native,20131730355,0.23556026938929892,False
facebook_react-native_20131730697,facebook_react-native,20131730697,0.09215051341771707,False
facebook_react-native_20131782122,facebook_react-native,20131782122,0.23179907618467688,False
facebook_react-native_20131790047,facebook_react-native,20131790047,0.2351932741219322,False
facebook_react-native_20131790959,facebook_react-native,20131790959,0.08945236080312707,False
facebook_react-native_20131801351,facebook_react-native,20131801351,0.23451455928596715,False
facebook_react-native_20132030546,facebook_react-native,20132030546,0.2351932741219322,False
facebook_react-native_20132712293,facebook_react-native,20132712293,0.23478733668848067,False
facebook_react-native_20135439507,facebook_react-native,20135439507,0.23469801834102516,False
facebook_react-native_20135440338,facebook_react-native,20135440338,0.09622103741830468,False
facebook_react-native_20136146424,facebook_react-native,20136146424,0.2342596979858088,False
facebook_react-native_20136147524,facebook_react-native,20136147524,0.14082810692296038,False
facebook_react-native_20136402583,facebook_react-native,20136402583,0.2346662966272055,False
facebook_react-native_20136407073,facebook_react-native,20136407073,0.2346662966272055,False
facebook_react-native_20136407494,facebook_react-native,20136407494,0.2346662966272055,False
facebook_react-native_20136545951,facebook_react-native,20136545951,0.2346662966272055,False
facebook_react-native_20136596010,facebook_react-native,20136596010,0.2346662966272055,False
facebook_react-native_20136776139,facebook_react-native,20136776139,0.2342596979858088,False
facebook_react-native_20136783383,facebook_react-native,20136783383,0.2346662966272055,False
facebook_react-native_20136832644,facebook_react-native,20136832644,0.2346662966272055,False
facebook_react-native_20136923153,facebook_react-native,20136923153,0.2342596979858088,False
facebook_react_19928965714,facebook_react,19928965714,0.2125981301016181,False
facebook_react_19928965729,facebook_react,19928965729,0.036034103048075306,False
facebook_react_19928965735,facebook_react,19928965735,0.2161572945966107,False
facebook_react_19930628723,facebook_react,19930628723,0.2158758987670698,False
facebook_react_19930628782,facebook_react,19930628782,0.21283223370132548,False
facebook_react_19930749344,facebook_react,19930749344,0.21559649069366654,False
facebook_react_19930749369,facebook_react,19930749369,0.21283223370132548,False
facebook_react_19930934255,facebook_react,19930934255,0.21524288440925743,False
facebook_react_19931065795,facebook_react,19931065795,0.21524288440925743,False
facebook_react_19935873641,facebook_react,19935873641,0.21588338284838343,False
facebook_react_19936091212,facebook_react,19936091212,0.21623114642032965,False
facebook_react_19937024022,facebook_react,19937024022,0.2152422365441235,False
facebook_react_19937288309,facebook_react,19937288309,0.2167979845884369,False
facebook_react_19939295404,facebook_react,19939295404,0.21689897055770546,False
facebook_react_19946949266,facebook_react,19946949266,0.21826758021015996,False
facebook_react_19948058375,facebook_react,19948058375,0.2207534616648445,False
facebook_react_19948058388,facebook_react,19948058388,0.07953414239752055,False
facebook_react_19948439734,facebook_react,19948439734,0.08653335258079053,False
facebook_react_19948439785,facebook_react,19948439785,0.22119409600356704,False
facebook_react_19948606979,facebook_react,19948606979,0.08625595844207562,False
facebook_react_19948606989,facebook_react,19948606989,0.22105620362454043,False
facebook_react_19949043519,facebook_react,19949043519,0.08139496188552392,False
facebook_react_19949822727,facebook_react,19949822727,0.08201650891766904,False
facebook_react_19949900871,facebook_react,19949900871,0.0818217574837653,False
facebook_react_19950415473,facebook_react,19950415473,0.08201650891766904,False
facebook_react_19950827463,facebook_react,19950827463,0.0871372814021949,False
facebook_react_19962837634,facebook_react,19962837634,0.04250775135574514,False
facebook_react_19962837662,facebook_react,19962837662,0.2221516259867668,False
facebook_react_19963298307,facebook_react,19963298307,0.04616830650007253,False
facebook_react_19967042726,facebook_react,19967042726,0.2172556827099429,False
facebook_react_19967850523,facebook_react,19967850523,0.2208118299343267,False
facebook_react_19972644050,facebook_react,19972644050,0.22184159011715743,False
facebook_react_19975926780,facebook_react,19975926780,0.0835802759088497,False
facebook_react_19976032277,facebook_react,19976032277,0.0873115187900278,False
facebook_react_19976163388,facebook_react,19976163388,0.08747096682389727,False
facebook_react_19976596267,facebook_react,19976596267,0.049159833280140064,False
facebook_react_19976712120,facebook_react,19976712120,0.22495972803708397,False
facebook_react_19997125872,facebook_react,19997125872,0.22425195450810165,False
facebook_react_20003701769,facebook_react,20003701769,0.22745266656812396,False
facebook_react_20003757709,facebook_react,20003757709,0.040390325060367216,False
facebook_react_20005284681,facebook_react,20005284681,0.22616837175056687,False
facebook_react_20033627755,facebook_react,20033627755,0.22807972068490068,False
facebook_react_20042843420,facebook_react,20042843420,-0.037172856965212886,True
facebook_react_20042844092,facebook_react,20042844092,-0.037172856965212886,True
facebook_react_20042844755,facebook_react,20042844755,-0.03636705341175683,True
facebook_react_20042845475,facebook_react,20042845475,0.23337210247659457,False
facebook_react_20042845554,facebook_react,20042845554,-0.03636705341175683,True
facebook_react_20042847095,facebook_react,20042847095,0.09374375159945514,False
facebook_react_20042847163,facebook_react,20042847163,0.2324856931608688,False
facebook_react_20042860334,facebook_react,20042860334,0.23337210247659457,False
facebook_react_20042860337,facebook_react,20042860337,-0.037172856965212886,True
facebook_react_20045472524,facebook_react,20045472524,-0.13826796089396154,True
facebook_react_20045695736,facebook_react,20045695736,-0.13873969446007794,True
facebook_react_20046259295,facebook_react,20046259295,0.05120994362710618,False
facebook_react_20046566463,facebook_react,20046566463,0.23261891808876695,False
facebook_react_20046566481,facebook_react,20046566481,-0.13850378778096073,True
facebook_react_20046566857,facebook_react,20046566857,0.23337210247659457,False
facebook_react_20046566878,facebook_react,20046566878,0.04538796139486789,False
facebook_react_20047175807,facebook_react,20047175807,0.23261891808876695,False
facebook_react_20047175815,facebook_react,20047175815,0.055143562566249416,False
facebook_react_20047361687,facebook_react,20047361687,0.05504306089230493,False
facebook_react_20063797650,facebook_react,20063797650,0.2339856455414112,False
facebook_react_20063955391,facebook_react,20063955391,0.04766774871639079,False
facebook_react_20130005193,facebook_react,20130005193,0.2333423104391225,False
facebook_react_20130005205,facebook_react,20130005205,0.19290865948283714,False
facebook_react_20132205213,facebook_react,20132205213,0.23271884913897806,False
facebook_react_20132376242,facebook_react,20132376242,0.043020273896953065,False
facebook_react_20134574667,facebook_react,20134574667,0.23234840549924585,False
facebook_react_20180399389,facebook_react,20180399389,0.043791400204251874,False
facebook_react_20227512960,facebook_react,20227512960,0.03270860995943947,False
facebook_react_20227512974,facebook_react,20227512974,0.21545094889670086,False
facebook_react_20247807627,facebook_react,20247807627,0.2127023821856272,False
facebook_react_20247807701,facebook_react,20247807701,0.029661868823219195,False
facebook_react_20248968121,facebook_react,20248968121,0.2115763805277322,False
facebook_react_20248968130,facebook_react,20248968130,0.02490903126481181,False
facebook_react_20249516879,facebook_react,20249516879,0.022240228240316018,False
facebook_react_20249516988,facebook_react,20249516988,0.2119365112004551,False
facebook_react_20250780589,facebook_react,20250780589,0.21361050996847758,False
facebook_react_20275424926,facebook_react,20275424926,0.07505009048612599,False
facebook_react_20276218922,facebook_react,20276218922,0.2163920861807645,False
facebook_react_20276219022,facebook_react,20276219022,0.21561762620070601,False
facebook_react_20313085683,facebook_react,20313085683,0.02210319751585632,False
golang_go_19519462029,golang_go,19519462029,0.14276105305951647,False
golang_go_19519772892,golang_go,19519772892,0.14193822961144215,False
golang_go_19553724285,golang_go,19553724285,0.14800422233838834,False
golang_go_19649193971,golang_go,19649193971,0.1594948866010396,False
golang_go_19655035480,golang_go,19655035480,0.16082390575293182,False
golang_go_20114315288,golang_go,20114315288,0.23605963416560022,False
huggingface_transformers_20127529114,huggingface_transformers,20127529114,0.23647320501593427,False
huggingface_transformers_20129101162,huggingface_transformers,20129101162,0.2362080454258435,False
huggingface_transformers_20129811429,huggingface_transformers,20129811429,0.23251999739427726,False
huggingface_transformers_20129903965,huggingface_transformers,20129903965,0.038494635011057765,False
huggingface_transformers_20130084325,huggingface_transformers,20130084325,0.23294195508216792,False
huggingface_transformers_20130118128,huggingface_transformers,20130118128,0.05911499734461828,False
huggingface_transformers_20130163695,huggingface_transformers,20130163695,0.2355616085373508,False
huggingface_transformers_20130177344,huggingface_transformers,20130177344,0.19367300383777042,False
huggingface_transformers_20130673162,huggingface_transformers,20130673162,0.2355616085373508,False
huggingface_transformers_20130828645,huggingface_transformers,20130828645,0.23526445971192733,False
huggingface_transformers_20131172759,huggingface_transformers,20131172759,0.1628957520640416,False
huggingface_transformers_20132392581,huggingface_transformers,20132392581,0.2355616085373508,False
huggingface_transformers_20132393578,huggingface_transformers,20132393578,0.23563203369587027,False
huggingface_transformers_20132398887,huggingface_transformers,20132398887,0.2356644327225626,False
huggingface_transformers_20132402693,huggingface_transformers,20132402693,0.2355616085373508,False
huggingface_transformers_20132412752,huggingface_transformers,20132412752,0.23203006101966128,False
huggingface_transformers_20132432281,huggingface_transformers,20132432281,0.2355616085373508,False
huggingface_transformers_20132446769,huggingface_transformers,20132446769,0.23526445971192733,False
huggingface_transformers_20132455740,huggingface_transformers,20132455740,0.19227458671108405,False
huggingface_transformers_20132477678,huggingface_transformers,20132477678,0.23563203369587027,False
huggingface_transformers_20132485086,huggingface_transformers,20132485086,0.2355616085373508,False
huggingface_transformers_20132490204,huggingface_transformers,20132490204,0.2355616085373508,False
huggingface_transformers_20132511404,huggingface_transformers,20132511404,0.1925453556730159,False
huggingface_transformers_20132515934,huggingface_transformers,20132515934,0.2355616085373508,False
huggingface_transformers_20132521452,huggingface_transformers,20132521452,0.2355616085373508,False
huggingface_transformers_20132528890,huggingface_transformers,20132528890,0.23563203369587027,False
huggingface_transformers_20132539365,huggingface_transformers,20132539365,0.2355616085373508,False
huggingface_transformers_20132553223,huggingface_transformers,20132553223,0.23563203369587027,False
huggingface_transformers_20135384637,huggingface_transformers,20135384637,0.057381689494531596,False
huggingface_transformers_20136448873,huggingface_transformers,20136448873,0.22926951013322272,False
microsoft_vscode_20110456581,microsoft_vscode,20110456581,0.21808872226623643,False
microsoft_vscode_20111327252,microsoft_vscode,20111327252,0.21551751697001814,False
microsoft_vscode_20135676810,microsoft_vscode,20135676810,0.20905808115796592,False
microsoft_vscode_20135849710,microsoft_vscode,20135849710,0.22898135139028453,False
nodejs_node_20078473045,nodejs_node,20078473045,0.16022680964197483,False
nodejs_node_20078473052,nodejs_node,20078473052,0.2362295300948643,False
nodejs_node_20082880413,nodejs_node,20082880413,0.13606154175320478,False
nodejs_node_20083212892,nodejs_node,20083212892,0.1306305735764216,False
nodejs_node_20087134054,nodejs_node,20087134054,0.16041748867555566,False
nodejs_node_20098702547,nodejs_node,20098702547,0.23202776950842358,False
nodejs_node_20105311852,nodejs_node,20105311852,0.16004217652439484,False
nodejs_node_20105927629,nodejs_node,20105927629,0.16233404491422626,False
nodejs_node_20108392869,nodejs_node,20108392869,0.16007201361621348,False
nodejs_node_20109176784,nodejs_node,20109176784,0.23171976994435334,False
nodejs_node_20109406509,nodejs_node,20109406509,0.16071144230210654,False
nodejs_node_20109406574,nodejs_node,20109406574,0.1887284012083414,False
nodejs_node_20114152340,nodejs_node,20114152340,0.16067607294398067,False
nodejs_node_20115457616,nodejs_node,20115457616,0.18870517295064804,False
nodejs_node_20115457708,nodejs_node,20115457708,0.16075447967729706,False
nodejs_node_20116657866,nodejs_node,20116657866,0.18922551057846004,False
nodejs_node_20116657880,nodejs_node,20116657880,0.06206597143587733,False
nodejs_node_20117612151,nodejs_node,20117612151,0.14662827641765308,False
nodejs_node_20117942007,nodejs_node,20117942007,0.13185724967037182,False
nodejs_node_20132866469,nodejs_node,20132866469,0.2356644327225626,False
nodejs_node_20134645306,nodejs_node,20134645306,0.18800789727335526,False
nodejs_node_20134645311,nodejs_node,20134645311,0.160062676408548,False
nodejs_node_20231170155,nodejs_node,20231170155,0.21508367222487967,False
nodejs_node_20233596004,nodejs_node,20233596004,0.17842569332943597,False
nodejs_node_20248791910,nodejs_node,20248791910,0.21291906199683452,False
nodejs_node_20248814944,nodejs_node,20248814944,0.14034104338761438,False
nodejs_node_20252055729,nodejs_node,20252055729,0.1281719618358263,False
nodejs_node_20252406211,nodejs_node,20252406211,0.11242672151462968,False
nodejs_node_20253149361,nodejs_node,20253149361,0.21117452770082945,False
nodejs_node_20253519023,nodejs_node,20253519023,0.21043614833291102,False
nodejs_node_20253738672,nodejs_node,20253738672,0.2104077807130218,False
nodejs_node_20254367144,nodejs_node,20254367144,0.21117452770082945,False
nodejs_node_20255015597,nodejs_node,20255015597,0.21083908819664277,False
nodejs_node_20255473263,nodejs_node,20255473263,0.21042205317948587,False
nodejs_node_20272031927,nodejs_node,20272031927,0.212984090049343,False
nodejs_node_20272031967,nodejs_node,20272031967,0.1823051592931817,False
nodejs_node_20287168374,nodejs_node,20287168374,0.21072446639971065,False
nodejs_node_20291711165,nodejs_node,20291711165,0.21467854191625224,False
nodejs_node_20291711185,nodejs_node,20291711185,0.21230063342331157,False
nodejs_node_20295721967,nodejs_node,20295721967,0.15782043955786101,False
nodejs_node_20295721968,nodejs_node,20295721968,0.13153290563259046,False
nodejs_node_20295721975,nodejs_node,20295721975,0.022439995201985696,False
nodejs_node_20295721977,nodejs_node,20295721977,0.13672136002508517,False
nodejs_node_20301790909,nodejs_node,20301790909,0.21379724051033733,False
nodejs_node_20302873840,nodejs_node,20302873840,0.21277630135178716,False
nodejs_node_20302873848,nodejs_node,20302873848,0.21421307695330466,False
nodejs_node_20302873851,nodejs_node,20302873851,0.1366682245382907,False
nodejs_node_20302873897,nodejs_node,20302873897,0.18128166148601593,False
nodejs_node_20304489405,nodejs_node,20304489405,0.2127230219398193,False
nodejs_node_20305961980,nodejs_node,20305961980,0.16448655794022765,False
nodejs_node_20305962004,nodejs_node,20305962004,0.09562077447320505,False
nodejs_node_20305962037,nodejs_node,20305962037,0.2128933126866313,False
nodejs_node_20306667214,nodejs_node,20306667214,0.09577741201814405,False
nodejs_node_20306667272,nodejs_node,20306667272,0.13807729778727373,False
nodejs_node_20308888353,nodejs_node,20308888353,0.1644976577365308,False
nodejs_node_20308888356,nodejs_node,20308888356,0.13708551840362737,False
nodejs_node_20308888402,nodejs_node,20308888402,0.09572322770429709,False
nodejs_node_20308888419,nodejs_node,20308888419,0.1415624655017052,False
nodejs_node_20309067210,nodejs_node,20309067210,0.21303990670392708,False
nodejs_node_20313711815,nodejs_node,20313711815,0.20810346647668915,False
nodejs_node_20313711844,nodejs_node,20313711844,0.2107182198564741,False
nodejs_node_20314273473,nodejs_node,20314273473,0.2068237120838053,False
nodejs_node_20314273542,nodejs_node,20314273542,0.15869153832441235,False
pytorch_pytorch_20127284724,pytorch_pytorch,20127284724,-0.16030615862287623,True
pytorch_pytorch_20127307579,pytorch_pytorch,20127307579,-0.09101745684559659,True
pytorch_pytorch_20127363292,pytorch_pytorch,20127363292,0.198554084742738,False
pytorch_pytorch_20127373261,pytorch_pytorch,20127373261,-0.13422116370861603,True
pytorch_pytorch_20127392512,pytorch_pytorch,20127392512,0.19735603034056082,False
pytorch_pytorch_20127494302,pytorch_pytorch,20127494302,0.1871169122458517,False
pytorch_pytorch_20127508202,pytorch_pytorch,20127508202,0.20391613481060938,False
pytorch_pytorch_20127510067,pytorch_pytorch,20127510067,0.037060118440945256,False
pytorch_pytorch_20127510447,pytorch_pytorch,20127510447,-0.07992721254290536,True
pytorch_pytorch_20127533559,pytorch_pytorch,20127533559,0.198211950404098,False
pytorch_pytorch_20127533841,pytorch_pytorch,20127533841,0.016412890002629354,False
pytorch_pytorch_20127534818,pytorch_pytorch,20127534818,0.06219693789096781,False
pytorch_pytorch_20127541923,pytorch_pytorch,20127541923,0.20816185508248441,False
pytorch_pytorch_20127654514,pytorch_pytorch,20127654514,0.18136416102845104,False
pytorch_pytorch_20127658946,pytorch_pytorch,20127658946,0.23647320501593427,False
pytorch_pytorch_20127672316,pytorch_pytorch,20127672316,0.06045926344296687,False
pytorch_pytorch_20127672658,pytorch_pytorch,20127672658,-0.10336558766360737,True
pytorch_pytorch_20127680720,pytorch_pytorch,20127680720,0.05906221731790762,False
pytorch_pytorch_20127708133,pytorch_pytorch,20127708133,0.15883565592894627,False
pytorch_pytorch_20127784348,pytorch_pytorch,20127784348,0.1895575533039564,False
pytorch_pytorch_20127784407,pytorch_pytorch,20127784407,0.201747044244955,False
pytorch_pytorch_20127830548,pytorch_pytorch,20127830548,0.11561543612215941,False
pytorch_pytorch_20128279359,pytorch_pytorch,20128279359,0.20391613481060938,False
pytorch_pytorch_20128279370,pytorch_pytorch,20128279370,0.19215380536864302,False
pytorch_pytorch_20128279407,pytorch_pytorch,20128279407,0.15621153345241767,False
pytorch_pytorch_20128279428,pytorch_pytorch,20128279428,0.13462417204274174,False
pytorch_pytorch_20128279642,pytorch_pytorch,20128279642,0.03361806558491465,False
pytorch_pytorch_20128375382,pytorch_pytorch,20128375382,0.05747557378674728,False
pytorch_pytorch_20128513892,pytorch_pytorch,20128513892,0.036560810682636946,False
pytorch_pytorch_20128647392,pytorch_pytorch,20128647392,-0.16139886833389427,True
pytorch_pytorch_20128648852,pytorch_pytorch,20128648852,0.21582905607842062,False
pytorch_pytorch_20128670127,pytorch_pytorch,20128670127,0.2362080454258435,False
pytorch_pytorch_20128671317,pytorch_pytorch,20128671317,0.2029231714895124,False
pytorch_pytorch_20128704409,pytorch_pytorch,20128704409,0.20208954071745733,False
pytorch_pytorch_20128766490,pytorch_pytorch,20128766490,0.20391613481060938,False
pytorch_pytorch_20128769834,pytorch_pytorch,20128769834,0.1793058840073627,False
pytorch_pytorch_20128769912,pytorch_pytorch,20128769912,-0.1528592127018752,True
pytorch_pytorch_20128770276,pytorch_pytorch,20128770276,0.03468281942236229,False
pytorch_pytorch_20128781891,pytorch_pytorch,20128781891,0.13402010995051267,False
pytorch_pytorch_20128783181,pytorch_pytorch,20128783181,0.20351657289866748,False
pytorch_pytorch_20128870902,pytorch_pytorch,20128870902,0.1340680876282589,False
pytorch_pytorch_20128870903,pytorch_pytorch,20128870903,0.15281542941611703,False
pytorch_pytorch_20128870930,pytorch_pytorch,20128870930,0.19136915419303496,False
pytorch_pytorch_20128870937,pytorch_pytorch,20128870937,0.20351657289866748,False
pytorch_pytorch_20128871070,pytorch_pytorch,20128871070,0.03706429461953753,False
pytorch_pytorch_20128998099,pytorch_pytorch,20128998099,0.20391613481060938,False
pytorch_pytorch_20128999850,pytorch_pytorch,20128999850,0.17595784095726225,False
pytorch_pytorch_20129107310,pytorch_pytorch,20129107310,0.1905517094670222,False
pytorch_pytorch_20129107343,pytorch_pytorch,20129107343,0.15267809070633115,False
pytorch_pytorch_20129107346,pytorch_pytorch,20129107346,0.08186930203125231,False
pytorch_pytorch_20129107347,pytorch_pytorch,20129107347,0.007166854937145972,False
pytorch_pytorch_20129107453,pytorch_pytorch,20129107453,0.0326798090686774,False
pytorch_pytorch_20129110618,pytorch_pytorch,20129110618,0.034906537395817505,False
pytorch_pytorch_20129111302,pytorch_pytorch,20129111302,0.1800389100600494,False
pytorch_pytorch_20129377246,pytorch_pytorch,20129377246,0.189073150526744,False
pytorch_pytorch_20130140552,pytorch_pytorch,20130140552,0.20205935391717178,False
pytorch_pytorch_20130143958,pytorch_pytorch,20130143958,-0.1679196632578449,True
pytorch_pytorch_20130144065,pytorch_pytorch,20130144065,0.20072315613135305,False
pytorch_pytorch_20130348229,pytorch_pytorch,20130348229,0.05821634438265333,False
pytorch_pytorch_20130373782,pytorch_pytorch,20130373782,-0.06098268640716775,True
pytorch_pytorch_20130537060,pytorch_pytorch,20130537060,0.18566636874842457,False
pytorch_pytorch_20130537095,pytorch_pytorch,20130537095,0.058385633450271035,False
pytorch_pytorch_20130537203,pytorch_pytorch,20130537203,0.2071998283668175,False
pytorch_pytorch_20130557960,pytorch_pytorch,20130557960,0.1876680207475801,False
pytorch_pytorch_20130620061,pytorch_pytorch,20130620061,0.1789520523920129,False
pytorch_pytorch_20130993211,pytorch_pytorch,20130993211,0.21243020492326786,False
pytorch_pytorch_20130994594,pytorch_pytorch,20130994594,0.213435699532392,False
pytorch_pytorch_20130999727,pytorch_pytorch,20130999727,0.21358034425440076,False
pytorch_pytorch_20131000099,pytorch_pytorch,20131000099,0.21243020492326786,False
pytorch_pytorch_20131584731,pytorch_pytorch,20131584731,0.18136456525625483,False
pytorch_pytorch_20131829965,pytorch_pytorch,20131829965,0.18847391754452963,False
pytorch_pytorch_20131886556,pytorch_pytorch,20131886556,0.20244389406940438,False
pytorch_pytorch_20131889097,pytorch_pytorch,20131889097,0.18123688615757522,False
pytorch_pytorch_20132011767,pytorch_pytorch,20132011767,0.21656719303512117,False
pytorch_pytorch_20132012263,pytorch_pytorch,20132012263,0.20685124463566412,False
pytorch_pytorch_20132241300,pytorch_pytorch,20132241300,0.16844956935776617,False
pytorch_pytorch_20132241658,pytorch_pytorch,20132241658,0.18871438715942118,False
pytorch_pytorch_20132347587,pytorch_pytorch,20132347587,0.02373810237322438,False
pytorch_pytorch_20132350984,pytorch_pytorch,20132350984,0.18123688615757522,False
pytorch_pytorch_20132812105,pytorch_pytorch,20132812105,0.21861667885237462,False
pytorch_pytorch_20132812708,pytorch_pytorch,20132812708,0.16792086787857896,False
pytorch_pytorch_20133191860,pytorch_pytorch,20133191860,0.2302349577718894,False
pytorch_pytorch_20133375052,pytorch_pytorch,20133375052,0.05719940643895882,False
pytorch_pytorch_20133649827,pytorch_pytorch,20133649827,0.20714102570048343,False
pytorch_pytorch_20134963316,pytorch_pytorch,20134963316,0.19336220398799547,False
pytorch_pytorch_20135023285,pytorch_pytorch,20135023285,0.2022937501845407,False
pytorch_pytorch_20135753928,pytorch_pytorch,20135753928,0.22962818575638455,False
pytorch_pytorch_20318549075,pytorch_pytorch,20318549075,0.17677367841391933,False
pytorch_pytorch_20318583805,pytorch_pytorch,20318583805,0.21019554061968382,False
pytorch_pytorch_20318585567,pytorch_pytorch,20318585567,-0.008776565960959437,True
pytorch_pytorch_20318590732,pytorch_pytorch,20318590732,0.17677367841391933,False
pytorch_pytorch_20318742966,pytorch_pytorch,20318742966,0.209959652465886,False
pytorch_pytorch_20318806644,pytorch_pytorch,20318806644,-0.1238489929968839,True
pytorch_pytorch_20318806759,pytorch_pytorch,20318806759,0.16829289904114392,False
pytorch_pytorch_20318897356,pytorch_pytorch,20318897356,0.01587515978292009,False
pytorch_pytorch_20319152494,pytorch_pytorch,20319152494,0.17564555572619778,False
pytorch_pytorch_20319160208,pytorch_pytorch,20319160208,0.1539622146837149,False
pytorch_pytorch_20319197966,pytorch_pytorch,20319197966,0.15552991247741493,False
pytorch_pytorch_20319231045,pytorch_pytorch,20319231045,0.15552991247741493,False
pytorch_pytorch_20319383142,pytorch_pytorch,20319383142,0.21019554061968382,False
pytorch_pytorch_20319383486,pytorch_pytorch,20319383486,0.21019554061968382,False
pytorch_pytorch_20319464083,pytorch_pytorch,20319464083,0.2100776164926218,False
pytorch_pytorch_20319464194,pytorch_pytorch,20319464194,0.21005315493482235,False
pytorch_pytorch_20319464235,pytorch_pytorch,20319464235,-0.12344119223020145,True
pytorch_pytorch_20319464320,pytorch_pytorch,20319464320,-0.09030809777179039,True
pytorch_pytorch_20319476558,pytorch_pytorch,20319476558,0.040015697661860195,False
pytorch_pytorch_20319864578,pytorch_pytorch,20319864578,0.16037762597706506,False
pytorch_pytorch_20320212893,pytorch_pytorch,20320212893,0.17564555572619778,False
pytorch_pytorch_20320223546,pytorch_pytorch,20320223546,0.18531271896845192,False
pytorch_pytorch_20320359967,pytorch_pytorch,20320359967,0.10793056687277452,False
pytorch_pytorch_20320427573,pytorch_pytorch,20320427573,0.1760837971666115,False
pytorch_pytorch_20320492706,pytorch_pytorch,20320492706,0.1923667864300393,False
pytorch_pytorch_20320517304,pytorch_pytorch,20320517304,0.21003565696143278,False
pytorch_pytorch_20320728701,pytorch_pytorch,20320728701,0.19675118712170014,False
pytorch_pytorch_20320756946,pytorch_pytorch,20320756946,0.11754514551069545,False
pytorch_pytorch_20320813978,pytorch_pytorch,20320813978,0.190948087751469,False
pytorch_pytorch_20320848307,pytorch_pytorch,20320848307,0.1487291486972116,False
pytorch_pytorch_20320912727,pytorch_pytorch,20320912727,0.08608684995637705,False
pytorch_pytorch_20320914098,pytorch_pytorch,20320914098,0.2008006682813333,False
pytorch_pytorch_20320925520,pytorch_pytorch,20320925520,0.2015993643883225,False
pytorch_pytorch_20320935340,pytorch_pytorch,20320935340,0.09797895711511245,False
pytorch_pytorch_20320935732,pytorch_pytorch,20320935732,0.09355377519190294,False
pytorch_pytorch_20320936852,pytorch_pytorch,20320936852,0.09253341071015231,False
pytorch_pytorch_20321003475,pytorch_pytorch,20321003475,0.19931542966108062,False
pytorch_pytorch_20321026837,pytorch_pytorch,20321026837,0.20393318078991646,False
pytorch_pytorch_20321035884,pytorch_pytorch,20321035884,0.08257406333747602,False
pytorch_pytorch_20321040024,pytorch_pytorch,20321040024,0.1694399033209762,False
pytorch_pytorch_20321046038,pytorch_pytorch,20321046038,0.19790868510590476,False
pytorch_pytorch_20321092618,pytorch_pytorch,20321092618,0.17063825606186878,False
pytorch_pytorch_20321150831,pytorch_pytorch,20321150831,0.080083066509268,False
pytorch_pytorch_20321174267,pytorch_pytorch,20321174267,0.19619834300800398,False
pytorch_pytorch_20321255514,pytorch_pytorch,20321255514,0.1950785628635624,False
pytorch_pytorch_20321318763,pytorch_pytorch,20321318763,0.19517237701071916,False
pytorch_pytorch_20321364099,pytorch_pytorch,20321364099,0.19746212458765994,False
pytorch_pytorch_20321401342,pytorch_pytorch,20321401342,0.07250845836782238,False
pytorch_pytorch_20321401419,pytorch_pytorch,20321401419,0.0861265694457431,False
pytorch_pytorch_20321454324,pytorch_pytorch,20321454324,0.1952607164051801,False
pytorch_pytorch_20321454433,pytorch_pytorch,20321454433,0.0844318963843797,False
pytorch_pytorch_20321494726,pytorch_pytorch,20321494726,0.19383120091945683,False
pytorch_pytorch_20321575815,pytorch_pytorch,20321575815,0.19570082474619266,False
pytorch_pytorch_20321578946,pytorch_pytorch,20321578946,0.19721854129386396,False
pytorch_pytorch_20321582548,pytorch_pytorch,20321582548,0.08514170319186215,False
pytorch_pytorch_20321585501,pytorch_pytorch,20321585501,0.20345611427273386,False
pytorch_pytorch_20321644125,pytorch_pytorch,20321644125,0.2036964011432491,False
pytorch_pytorch_20321710078,pytorch_pytorch,20321710078,0.20279343254428706,False
pytorch_pytorch_20321747005,pytorch_pytorch,20321747005,0.19672418668480446,False
pytorch_pytorch_20321752562,pytorch_pytorch,20321752562,0.19672418668480446,False
rust-lang_rust_19893829296,rust-lang_rust,19893829296,0.2125873179589654,False
rust-lang_rust_19894763031,rust-lang_rust,19894763031,0.1981026401968854,False
rust-lang_rust_19895932655,rust-lang_rust,19895932655,0.19728558950885405,False
rust-lang_rust_19896597047,rust-lang_rust,19896597047,0.20129197094537943,False
rust-lang_rust_19897597478,rust-lang_rust,19897597478,0.2136540074558938,False
rust-lang_rust_19897932455,rust-lang_rust,19897932455,0.2061760164412193,False
rust-lang_rust_19900613817,rust-lang_rust,19900613817,0.18119940606602752,False
rust-lang_rust_19902571541,rust-lang_rust,19902571541,0.20874031685786232,False
rust-lang_rust_19902619840,rust-lang_rust,19902619840,0.2049074399682126,False
rust-lang_rust_19903399758,rust-lang_rust,19903399758,0.17941883375860612,False
rust-lang_rust_19903660358,rust-lang_rust,19903660358,0.2049074399682126,False
rust-lang_rust_19904449463,rust-lang_rust,19904449463,0.134635949354103,False
rust-lang_rust_19904455054,rust-lang_rust,19904455054,0.19141805502893233,False
rust-lang_rust_19905008700,rust-lang_rust,19905008700,0.18218236524254405,False
rust-lang_rust_19906430901,rust-lang_rust,19906430901,0.21425309133841686,False
rust-lang_rust_19907164390,rust-lang_rust,19907164390,0.21523295740027654,False
rust-lang_rust_19908348835,rust-lang_rust,19908348835,0.2071696834068545,False
rust-lang_rust_19908744238,rust-lang_rust,19908744238,0.21631020989660643,False
rust-lang_rust_19911843606,rust-lang_rust,19911843606,0.18231437217324808,False
rust-lang_rust_19913696105,rust-lang_rust,19913696105,0.20895971907524963,False
rust-lang_rust_19914050449,rust-lang_rust,19914050449,0.2170833027357889,False
rust-lang_rust_19914525071,rust-lang_rust,19914525071,0.21567453130326475,False
rust-lang_rust_19916554966,rust-lang_rust,19916554966,-0.0197965402191681,True
rust-lang_rust_19918797919,rust-lang_rust,19918797919,0.1836037567539423,False
rust-lang_rust_19920124321,rust-lang_rust,19920124321,0.18671506069645982,False
rust-lang_rust_19922889387,rust-lang_rust,19922889387,0.21261526033926198,False
rust-lang_rust_19923001749,rust-lang_rust,19923001749,0.17888809533203848,False
rust-lang_rust_19932136047,rust-lang_rust,19932136047,0.22033577862812348,False
rust-lang_rust_19933285342,rust-lang_rust,19933285342,0.2214445402087581,False
rust-lang_rust_19935013083,rust-lang_rust,19935013083,0.22113602707232827,False
rust-lang_rust_19935574417,rust-lang_rust,19935574417,0.21926508809265427,False
rust-lang_rust_19936611938,rust-lang_rust,19936611938,0.21555556948852694,False
rust-lang_rust_19938447398,rust-lang_rust,19938447398,0.21139303651459884,False
rust-lang_rust_19941425207,rust-lang_rust,19941425207,0.2231962002244201,False
rust-lang_rust_19941486493,rust-lang_rust,19941486493,0.22206966163181246,False
rust-lang_rust_19946820131,rust-lang_rust,19946820131,0.2100784531109725,False
rust-lang_rust_19948382302,rust-lang_rust,19948382302,0.2139268110968217,False
rust-lang_rust_19953498222,rust-lang_rust,19953498222,0.2248851221956058,False
rust-lang_rust_19954403191,rust-lang_rust,19954403191,0.22113756352471997,False
rust-lang_rust_19954889073,rust-lang_rust,19954889073,0.2247837985407144,False
rust-lang_rust_19956297070,rust-lang_rust,19956297070,-0.024041032123861994,True
rust-lang_rust_19956448387,rust-lang_rust,19956448387,0.18587876135381876,False
rust-lang_rust_19956451371,rust-lang_rust,19956451371,0.1786149872539496,False
rust-lang_rust_19957778894,rust-lang_rust,19957778894,0.2256899903379484,False
rust-lang_rust_19957968351,rust-lang_rust,19957968351,0.2256899903379484,False
rust-lang_rust_19958935918,rust-lang_rust,19958935918,-0.026279727376311013,True
rust-lang_rust_19961061528,rust-lang_rust,19961061528,0.217697389737238,False
rust-lang_rust_19961179083,rust-lang_rust,19961179083,0.21790913924325112,False
rust-lang_rust_19961248725,rust-lang_rust,19961248725,0.21825471868677881,False
rust-lang_rust_19966791946,rust-lang_rust,19966791946,0.004017742149344805,False
rust-lang_rust_19967098748,rust-lang_rust,19967098748,0.2232931305550777,False
rust-lang_rust_19967170454,rust-lang_rust,19967170454,0.21931609609984076,False
rust-lang_rust_19967756212,rust-lang_rust,19967756212,0.2139566739916383,False
rust-lang_rust_19973479484,rust-lang_rust,19973479484,0.2211798302188714,False
rust-lang_rust_19973494519,rust-lang_rust,19973494519,0.22840328583864833,False
rust-lang_rust_19973691052,rust-lang_rust,19973691052,0.22085859518218753,False
rust-lang_rust_19973706590,rust-lang_rust,19973706590,0.22787325536219355,False
rust-lang_rust_19973868291,rust-lang_rust,19973868291,0.05545967903322058,False
rust-lang_rust_19975682034,rust-lang_rust,19975682034,0.21013638333795148,False
rust-lang_rust_19977462018,rust-lang_rust,19977462018,0.2287249951677306,False
rust-lang_rust_19977809864,rust-lang_rust,19977809864,0.19480160441936023,False
rust-lang_rust_19977974292,rust-lang_rust,19977974292,0.2127588861767441,False
rust-lang_rust_19978949606,rust-lang_rust,19978949606,0.22676027549017347,False
rust-lang_rust_19978959239,rust-lang_rust,19978959239,0.21319882384767752,False
rust-lang_rust_19979423782,rust-lang_rust,19979423782,0.2287249951677306,False
rust-lang_rust_19981195890,rust-lang_rust,19981195890,0.22164869730757747,False
rust-lang_rust_19982746594,rust-lang_rust,19982746594,0.213214918377109,False
rust-lang_rust_19984780799,rust-lang_rust,19984780799,0.22716925934719034,False
rust-lang_rust_19984924944,rust-lang_rust,19984924944,0.2193219066502043,False
rust-lang_rust_19986311295,rust-lang_rust,19986311295,0.22949903788819714,False
rust-lang_rust_19987691233,rust-lang_rust,19987691233,0.22732198031320805,False
rust-lang_rust_19988180832,rust-lang_rust,19988180832,0.22610480516859904,False
rust-lang_rust_19988184147,rust-lang_rust,19988184147,0.22465414773988895,False
rust-lang_rust_19988688275,rust-lang_rust,19988688275,0.16258248511427875,False
rust-lang_rust_19989391739,rust-lang_rust,19989391739,0.22597248467652564,False
rust-lang_rust_19990152291,rust-lang_rust,19990152291,0.22651649415801584,False
rust-lang_rust_19990723794,rust-lang_rust,19990723794,0.2267373991001604,False
rust-lang_rust_19990967089,rust-lang_rust,19990967089,0.2267373991001604,False
rust-lang_rust_19991094418,rust-lang_rust,19991094418,0.21878872908422586,False
rust-lang_rust_19991553331,rust-lang_rust,19991553331,0.21039934582605546,False
rust-lang_rust_19992123052,rust-lang_rust,19992123052,0.20350075203065693,False
rust-lang_rust_19993138323,rust-lang_rust,19993138323,0.22797951390312787,False
rust-lang_rust_19993833082,rust-lang_rust,19993833082,0.2294650362324761,False
rust-lang_rust_19993868407,rust-lang_rust,19993868407,0.22975105433210602,False
rust-lang_rust_19994566337,rust-lang_rust,19994566337,0.2305736104793844,False
rust-lang_rust_19998499201,rust-lang_rust,19998499201,0.22205799616008076,False
rust-lang_rust_20002671233,rust-lang_rust,20002671233,0.22903666123228972,False
rust-lang_rust_20003433655,rust-lang_rust,20003433655,0.23072918117597363,False
rust-lang_rust_20003624942,rust-lang_rust,20003624942,0.20013062751660715,False
rust-lang_rust_20005287726,rust-lang_rust,20005287726,0.227983078361714,False
rust-lang_rust_20005948085,rust-lang_rust,20005948085,0.22229983429776634,False
rust-lang_rust_20006149242,rust-lang_rust,20006149242,0.21572640939324939,False
rust-lang_rust_20006945350,rust-lang_rust,20006945350,0.21893353591667813,False
rust-lang_rust_20007523700,rust-lang_rust,20007523700,0.22266463598925462,False
rust-lang_rust_20007557181,rust-lang_rust,20007557181,0.2137059392230496,False
rust-lang_rust_20008363051,rust-lang_rust,20008363051,0.2307230682759872,False
rust-lang_rust_20009272735,rust-lang_rust,20009272735,0.2168318214665701,False
rust-lang_rust_20009281675,rust-lang_rust,20009281675,0.22274810591865074,False
rust-lang_rust_20010231333,rust-lang_rust,20010231333,0.2257210340121023,False
rust-lang_rust_20010408307,rust-lang_rust,20010408307,0.22595029602646605,False
rust-lang_rust_20011981205,rust-lang_rust,20011981205,0.07382537427282487,False
rust-lang_rust_20013149738,rust-lang_rust,20013149738,0.20502431934753057,False
rust-lang_rust_20013445735,rust-lang_rust,20013445735,0.23042732573850067,False
rust-lang_rust_20015449849,rust-lang_rust,20015449849,0.2325503968754002,False
rust-lang_rust_20015628837,rust-lang_rust,20015628837,0.23241714395411955,False
rust-lang_rust_20015992094,rust-lang_rust,20015992094,0.21610213600772976,False
rust-lang_rust_20024337621,rust-lang_rust,20024337621,0.2303064875880793,False
rust-lang_rust_20024743325,rust-lang_rust,20024743325,0.2317951806614842,False
rust-lang_rust_20025365879,rust-lang_rust,20025365879,0.23083524361584068,False
rust-lang_rust_20025529323,rust-lang_rust,20025529323,0.2331645081717345,False
rust-lang_rust_20025714661,rust-lang_rust,20025714661,0.22838444228757343,False
rust-lang_rust_20026778204,rust-lang_rust,20026778204,0.23110179944964332,False
rust-lang_rust_20027244975,rust-lang_rust,20027244975,0.20259445644769086,False
rust-lang_rust_20027276578,rust-lang_rust,20027276578,0.22164626468630622,False
rust-lang_rust_20028778122,rust-lang_rust,20028778122,0.23282537037211204,False
rust-lang_rust_20029115654,rust-lang_rust,20029115654,0.2333524129598588,False
rust-lang_rust_20029127025,rust-lang_rust,20029127025,0.2322776906463483,False
rust-lang_rust_20029739441,rust-lang_rust,20029739441,0.23380203375710962,False
rust-lang_rust_20029778753,rust-lang_rust,20029778753,0.21188989854945084,False
rust-lang_rust_20030211876,rust-lang_rust,20030211876,0.2333524129598588,False
rust-lang_rust_20032094676,rust-lang_rust,20032094676,0.2337675727939279,False
rust-lang_rust_20033672876,rust-lang_rust,20033672876,0.22631123435612616,False
rust-lang_rust_20034012861,rust-lang_rust,20034012861,0.2158154630233199,False
rust-lang_rust_20035150475,rust-lang_rust,20035150475,0.2269957644409008,False
rust-lang_rust_20036302029,rust-lang_rust,20036302029,0.2001861623895,False
rust-lang_rust_20036880999,rust-lang_rust,20036880999,0.23413007703059635,False
rust-lang_rust_20038213515,rust-lang_rust,20038213515,0.22184000518319186,False
rust-lang_rust_20040518807,rust-lang_rust,20040518807,0.23114877421338403,False
rust-lang_rust_20040729145,rust-lang_rust,20040729145,0.23243170026670767,False
rust-lang_rust_20040800515,rust-lang_rust,20040800515,0.22945332453590256,False
rust-lang_rust_20041752719,rust-lang_rust,20041752719,0.2274352785796957,False
rust-lang_rust_20041780728,rust-lang_rust,20041780728,0.22677097634525611,False
rust-lang_rust_20041877374,rust-lang_rust,20041877374,0.23479329381812908,False
rust-lang_rust_20042207305,rust-lang_rust,20042207305,0.23444827084065356,False
rust-lang_rust_20042765509,rust-lang_rust,20042765509,0.2264976014887944,False
rust-lang_rust_20044475979,rust-lang_rust,20044475979,0.23361463999053395,False
rust-lang_rust_20044659018,rust-lang_rust,20044659018,0.23557446142135624,False
rust-lang_rust_20045997055,rust-lang_rust,20045997055,0.21510415592814608,False
rust-lang_rust_20046015568,rust-lang_rust,20046015568,0.23400656490063265,False
rust-lang_rust_20046041907,rust-lang_rust,20046041907,0.21988312771198698,False
rust-lang_rust_20046409207,rust-lang_rust,20046409207,0.23249943388756777,False
rust-lang_rust_20046464209,rust-lang_rust,20046464209,0.207624259034691,False
rust-lang_rust_20047877501,rust-lang_rust,20047877501,0.23453847000414918,False
rust-lang_rust_20048138031,rust-lang_rust,20048138031,0.2319016476145822,False
rust-lang_rust_20048237713,rust-lang_rust,20048237713,0.20660812052162386,False
rust-lang_rust_20048299620,rust-lang_rust,20048299620,0.23400656490063265,False
rust-lang_rust_20048301673,rust-lang_rust,20048301673,0.2155688159976082,False
rust-lang_rust_20048821616,rust-lang_rust,20048821616,0.23576054232763394,False
rust-lang_rust_20049069165,rust-lang_rust,20049069165,0.14757374289686925,False
rust-lang_rust_20049230359,rust-lang_rust,20049230359,0.22730327222562174,False
rust-lang_rust_20049762182,rust-lang_rust,20049762182,0.22881496582534605,False
rust-lang_rust_20050479958,rust-lang_rust,20050479958,0.23287794405072088,False
rust-lang_rust_20053102412,rust-lang_rust,20053102412,0.23598081840426888,False
rust-lang_rust_20053696188,rust-lang_rust,20053696188,0.2330789318346011,False
rust-lang_rust_20054778308,rust-lang_rust,20054778308,0.22751832089359242,False
rust-lang_rust_20055114452,rust-lang_rust,20055114452,0.23202173218154776,False
rust-lang_rust_20055183786,rust-lang_rust,20055183786,0.23143413965694587,False
rust-lang_rust_20055501454,rust-lang_rust,20055501454,0.23366929982717238,False
rust-lang_rust_20055736671,rust-lang_rust,20055736671,0.236110646857011,False
rust-lang_rust_20057266627,rust-lang_rust,20057266627,0.22928176458274624,False
rust-lang_rust_20057454882,rust-lang_rust,20057454882,0.234145606566303,False
rust-lang_rust_20057610998,rust-lang_rust,20057610998,0.22751111364748244,False
rust-lang_rust_20058213891,rust-lang_rust,20058213891,0.22040497159046463,False
rust-lang_rust_20058353729,rust-lang_rust,20058353729,0.23621108736943525,False
rust-lang_rust_20058986729,rust-lang_rust,20058986729,0.22769209435526266,False
rust-lang_rust_20061039399,rust-lang_rust,20061039399,0.23496712564999278,False
rust-lang_rust_20061043386,rust-lang_rust,20061043386,0.22868033002502441,False
rust-lang_rust_20061080700,rust-lang_rust,20061080700,0.23621108736943525,False
rust-lang_rust_20061758525,rust-lang_rust,20061758525,0.23666002449978374,False
rust-lang_rust_20062012185,rust-lang_rust,20062012185,0.23565359758192456,False
rust-lang_rust_20062540701,rust-lang_rust,20062540701,0.2365414681035914,False
rust-lang_rust_20062601944,rust-lang_rust,20062601944,0.23286188950307624,False
rust-lang_rust_20063026630,rust-lang_rust,20063026630,0.22434074907284512,False
rust-lang_rust_20063028321,rust-lang_rust,20063028321,0.23568192661626597,False
rust-lang_rust_20063269012,rust-lang_rust,20063269012,0.229765535322822,False
rust-lang_rust_20064056371,rust-lang_rust,20064056371,0.23436290146958444,False
rust-lang_rust_20065671630,rust-lang_rust,20065671630,0.23648760417556064,False
rust-lang_rust_20065857635,rust-lang_rust,20065857635,0.2324407221573192,False
rust-lang_rust_20066025709,rust-lang_rust,20066025709,0.23679166719542583,False
rust-lang_rust_20066259833,rust-lang_rust,20066259833,0.2248185174835251,False
rust-lang_rust_20066630683,rust-lang_rust,20066630683,0.224899250363775,False
rust-lang_rust_20066753260,rust-lang_rust,20066753260,0.23390550530372511,False
rust-lang_rust_20067015840,rust-lang_rust,20067015840,0.22791164596663993,False
rust-lang_rust_20067420221,rust-lang_rust,20067420221,0.23244703726588872,False
rust-lang_rust_20067683659,rust-lang_rust,20067683659,0.015070595506006756,False
rust-lang_rust_20067900425,rust-lang_rust,20067900425,0.22478894240275926,False
rust-lang_rust_20068359813,rust-lang_rust,20068359813,0.23484155943779705,False
rust-lang_rust_20069093852,rust-lang_rust,20069093852,0.2356346688356452,False
rust-lang_rust_20069280251,rust-lang_rust,20069280251,0.2280163831455178,False
rust-lang_rust_20070566030,rust-lang_rust,20070566030,0.22778994697247312,False
rust-lang_rust_20070692014,rust-lang_rust,20070692014,0.23386961851344962,False
rust-lang_rust_20070775363,rust-lang_rust,20070775363,0.23460779763722805,False
rust-lang_rust_20071150276,rust-lang_rust,20071150276,0.20424919822760035,False
rust-lang_rust_20071318264,rust-lang_rust,20071318264,0.227361386641237,False
rust-lang_rust_20071726926,rust-lang_rust,20071726926,0.23053805959412216,False
rust-lang_rust_20071806900,rust-lang_rust,20071806900,0.23222199732180066,False
rust-lang_rust_20072673963,rust-lang_rust,20072673963,0.23386961851344962,False
rust-lang_rust_20073534565,rust-lang_rust,20073534565,0.21455112293476458,False
rust-lang_rust_20076187114,rust-lang_rust,20076187114,0.0006155933855775952,False
rust-lang_rust_20078823497,rust-lang_rust,20078823497,0.2296091420607398,False
rust-lang_rust_20079074492,rust-lang_rust,20079074492,0.23249702799856758,False
rust-lang_rust_20079154335,rust-lang_rust,20079154335,0.09341516502927383,False
rust-lang_rust_20079561305,rust-lang_rust,20079561305,0.23649091001408745,False
rust-lang_rust_20080344386,rust-lang_rust,20080344386,0.22834014497438948,False
rust-lang_rust_20081682232,rust-lang_rust,20081682232,0.23384899449928565,False
rust-lang_rust_20081753846,rust-lang_rust,20081753846,0.2361484983971352,False
rust-lang_rust_20081836490,rust-lang_rust,20081836490,0.2341432613001712,False
rust-lang_rust_20083636002,rust-lang_rust,20083636002,0.226981114837211,False
rust-lang_rust_20083969750,rust-lang_rust,20083969750,-0.005540340470199134,True
rust-lang_rust_20085439916,rust-lang_rust,20085439916,0.23426778186290365,False
rust-lang_rust_20087395168,rust-lang_rust,20087395168,0.22717154203308176,False
rust-lang_rust_20087409371,rust-lang_rust,20087409371,0.22518385702948512,False
rust-lang_rust_20087428614,rust-lang_rust,20087428614,0.2271087674212906,False
rust-lang_rust_20089047601,rust-lang_rust,20089047601,0.2308924865376626,False
rust-lang_rust_20089766090,rust-lang_rust,20089766090,0.1526802333489189,False
rust-lang_rust_20089791020,rust-lang_rust,20089791020,0.2334794183076927,False
rust-lang_rust_20091824249,rust-lang_rust,20091824249,0.23632803691681603,False
rust-lang_rust_20092960801,rust-lang_rust,20092960801,0.2227792417393354,False
rust-lang_rust_20096869347,rust-lang_rust,20096869347,0.23103575367614904,False
rust-lang_rust_20097309129,rust-lang_rust,20097309129,0.21926155696804767,False
rust-lang_rust_20099453640,rust-lang_rust,20099453640,0.2237728774968999,False
rust-lang_rust_20100230492,rust-lang_rust,20100230492,0.22694464559611366,False
rust-lang_rust_20100561032,rust-lang_rust,20100561032,0.2366554028418289,False
rust-lang_rust_20101211898,rust-lang_rust,20101211898,0.23429339783571107,False
rust-lang_rust_20102017885,rust-lang_rust,20102017885,0.23323740323199826,False
rust-lang_rust_20104210843,rust-lang_rust,20104210843,0.23144741362043691,False
rust-lang_rust_20105176318,rust-lang_rust,20105176318,0.22739122671377487,False
rust-lang_rust_20106455636,rust-lang_rust,20106455636,0.1525258211230769,False
rust-lang_rust_20107957452,rust-lang_rust,20107957452,0.22750329475555942,False
rust-lang_rust_20108580646,rust-lang_rust,20108580646,0.2244069464072958,False
rust-lang_rust_20108991780,rust-lang_rust,20108991780,0.22767821394467108,False
rust-lang_rust_20109352868,rust-lang_rust,20109352868,0.22734770620038458,False
rust-lang_rust_20109963265,rust-lang_rust,20109963265,0.20832948838255577,False
rust-lang_rust_20110287375,rust-lang_rust,20110287375,0.21892860883669024,False
rust-lang_rust_20110388161,rust-lang_rust,20110388161,0.2347417353932969,False
rust-lang_rust_20111024976,rust-lang_rust,20111024976,0.2334851043567151,False
rust-lang_rust_20111620789,rust-lang_rust,20111620789,0.23693715278794936,False
rust-lang_rust_20112147858,rust-lang_rust,20112147858,0.23447927568906113,False
rust-lang_rust_20112251129,rust-lang_rust,20112251129,0.23572511187082829,False
rust-lang_rust_20113855956,rust-lang_rust,20113855956,0.2289102288097506,False
rust-lang_rust_20113864749,rust-lang_rust,20113864749,0.2334851043567151,False
rust-lang_rust_20116007294,rust-lang_rust,20116007294,0.23366299144595587,False
rust-lang_rust_20116367017,rust-lang_rust,20116367017,0.23611184382989836,False
rust-lang_rust_20116531576,rust-lang_rust,20116531576,0.08671011706583454,False
rust-lang_rust_20116788531,rust-lang_rust,20116788531,0.22659196358349915,False
rust-lang_rust_20117403724,rust-lang_rust,20117403724,-0.020439058878257477,True
rust-lang_rust_20118223082,rust-lang_rust,20118223082,0.22715456969686787,False
rust-lang_rust_20118353957,rust-lang_rust,20118353957,0.2366889331570507,False
rust-lang_rust_20121318813,rust-lang_rust,20121318813,0.23602851167023486,False
rust-lang_rust_20121409039,rust-lang_rust,20121409039,0.2275852868201419,False
rust-lang_rust_20121851317,rust-lang_rust,20121851317,0.23633043235007317,False
rust-lang_rust_20122023537,rust-lang_rust,20122023537,0.23418831661837491,False
rust-lang_rust_20122302102,rust-lang_rust,20122302102,0.23462647619463217,False
rust-lang_rust_20122307987,rust-lang_rust,20122307987,0.2328142324681377,False
rust-lang_rust_20129455174,rust-lang_rust,20129455174,0.23484423559901363,False
rust-lang_rust_20129473399,rust-lang_rust,20129473399,0.23218793312227914,False
rust-lang_rust_20132506098,rust-lang_rust,20132506098,0.20676375211725512,False
rust-lang_rust_20133927121,rust-lang_rust,20133927121,0.22724515653640392,False
tensorflow_tensorflow_20072659712,tensorflow_tensorflow,20072659712,0.2359576461789475,False
tensorflow_tensorflow_20073443862,tensorflow_tensorflow,20073443862,0.23054594733048128,False
tensorflow_tensorflow_20073448431,tensorflow_tensorflow,20073448431,0.2358955404277236,False
tensorflow_tensorflow_20073449401,tensorflow_tensorflow,20073449401,0.23514250212143878,False
tensorflow_tensorflow_20075297916,tensorflow_tensorflow,20075297916,0.23576923994202487,False
tensorflow_tensorflow_20076669168,tensorflow_tensorflow,20076669168,0.2360648125847677,False
tensorflow_tensorflow_20077257975,tensorflow_tensorflow,20077257975,0.2360648125847677,False
tensorflow_tensorflow_20079140924,tensorflow_tensorflow,20079140924,0.2331089840552396,False
tensorflow_tensorflow_20090707459,tensorflow_tensorflow,20090707459,0.23621076391099932,False
tensorflow_tensorflow_20091153154,tensorflow_tensorflow,20091153154,0.23636122615518995,False
tensorflow_tensorflow_20091540745,tensorflow_tensorflow,20091540745,0.23621076391099932,False
tensorflow_tensorflow_20106525916,tensorflow_tensorflow,20106525916,0.2368066165612342,False
tensorflow_tensorflow_20109697275,tensorflow_tensorflow,20109697275,0.236832363998342,False
tensorflow_tensorflow_20119047843,tensorflow_tensorflow,20119047843,0.2325240574883224,False
tensorflow_tensorflow_20300443617,tensorflow_tensorflow,20300443617,0.21367361355775405,False
tensorflow_tensorflow_20302585399,tensorflow_tensorflow,20302585399,0.21397990792936983,False
torvalds_linux_18363803288,torvalds_linux,18363803288,0.1180218226941247,False
torvalds_linux_20006236072,torvalds_linux,20006236072,0.22800615127240048,False
vercel_next.js_20078237983,vercel_next.js,20078237983,0.2319100853922676,False
vercel_next.js_20078418622,vercel_next.js,20078418622,0.1393257933149597,False
vercel_next.js_20081047108,vercel_next.js,20081047108,0.13969703691240853,False
vercel_next.js_20081051256,vercel_next.js,20081051256,0.22944994170833988,False
vercel_next.js_20081051296,vercel_next.js,20081051296,0.23625532368847585,False
vercel_next.js_20081051312,vercel_next.js,20081051312,0.23146224902828716,False
vercel_next.js_20081061082,vercel_next.js,20081061082,0.22918626035459982,False
vercel_next.js_20081061101,vercel_next.js,20081061101,0.23146224902828716,False
vercel_next.js_20081061102,vercel_next.js,20081061102,0.236034489908944,False
vercel_next.js_20081148437,vercel_next.js,20081148437,0.14187258419046095,False
vercel_next.js_20082571460,vercel_next.js,20082571460,0.2352762655530184,False
vercel_next.js_20082780067,vercel_next.js,20082780067,0.14028632554936987,False
vercel_next.js_20082842968,vercel_next.js,20082842968,0.21956053154144534,False
vercel_next.js_20083004762,vercel_next.js,20083004762,0.1422549972897375,False
vercel_next.js_20083300573,vercel_next.js,20083300573,0.2287392882214791,False
vercel_next.js_20083302311,vercel_next.js,20083302311,0.2301592226768751,False
vercel_next.js_20083327027,vercel_next.js,20083327027,0.22940336990372634,False
vercel_next.js_20083327589,vercel_next.js,20083327589,0.23574278342493887,False
vercel_next.js_20083484717,vercel_next.js,20083484717,0.1390160870284225,False
vercel_next.js_20084630798,vercel_next.js,20084630798,0.1347231834602774,False
vercel_next.js_20084809496,vercel_next.js,20084809496,0.22145065251606477,False
vercel_next.js_20084814084,vercel_next.js,20084814084,0.1181025745344575,False
vercel_next.js_20085341392,vercel_next.js,20085341392,0.13946338186850288,False
vercel_next.js_20085998217,vercel_next.js,20085998217,0.11410744242667537,False
vercel_next.js_20086222460,vercel_next.js,20086222460,0.05497414081762053,False
vercel_next.js_20086274400,vercel_next.js,20086274400,0.06958590777766399,False
vercel_next.js_20086388304,vercel_next.js,20086388304,0.04847221819391456,False
vercel_next.js_20086434153,vercel_next.js,20086434153,0.11641829455305691,False
vercel_next.js_20086830274,vercel_next.js,20086830274,0.1375534100634075,False
vercel_next.js_20086854916,vercel_next.js,20086854916,0.23140406708965838,False
vercel_next.js_20087043728,vercel_next.js,20087043728,0.21933783864681522,False
vercel_next.js_20087824944,vercel_next.js,20087824944,0.14009383121968283,False
vercel_next.js_20087838235,vercel_next.js,20087838235,0.22906908076837457,False
vercel_next.js_20087838252,vercel_next.js,20087838252,0.23623655900556695,False
vercel_next.js_20087838341,vercel_next.js,20087838341,0.23179521661997016,False
vercel_next.js_20087929415,vercel_next.js,20087929415,0.1871045321430408,False
vercel_next.js_20087967968,vercel_next.js,20087967968,0.12738132999042512,False
vercel_next.js_20088073541,vercel_next.js,20088073541,0.23043940624952802,False
vercel_next.js_20088073569,vercel_next.js,20088073569,0.23199513213409412,False
vercel_next.js_20088073574,vercel_next.js,20088073574,0.23638700921549305,False
vercel_next.js_20088174628,vercel_next.js,20088174628,0.22994271941674493,False
vercel_next.js_20088174644,vercel_next.js,20088174644,0.23232755754880852,False
vercel_next.js_20088174651,vercel_next.js,20088174651,0.23623655900556695,False
vercel_next.js_20088800340,vercel_next.js,20088800340,0.13261127634336767,False
vercel_next.js_20089848109,vercel_next.js,20089848109,0.23303772168904452,False
vercel_next.js_20090232458,vercel_next.js,20090232458,0.13875796578515331,False
vercel_next.js_20090234571,vercel_next.js,20090234571,0.12083401127249144,False
vercel_next.js_20090581324,vercel_next.js,20090581324,0.23384527453818243,False
vercel_next.js_20090960377,vercel_next.js,20090960377,0.2331405485014028,False
vercel_next.js_20091613978,vercel_next.js,20091613978,0.2197967736870477,False
vercel_next.js_20092637081,vercel_next.js,20092637081,0.23189083422893075,False
vercel_next.js_20093764894,vercel_next.js,20093764894,0.22948591908664184,False
vercel_next.js_20093764937,vercel_next.js,20093764937,0.23124569061636907,False
vercel_next.js_20093764966,vercel_next.js,20093764966,0.23638700921549305,False
vercel_next.js_20097896464,vercel_next.js,20097896464,0.23693841257469916,False
vercel_next.js_20098053250,vercel_next.js,20098053250,0.21998283134971386,False
vercel_next.js_20100547511,vercel_next.js,20100547511,0.23077305029505335,False
vercel_next.js_20100547551,vercel_next.js,20100547551,0.2326170740618998,False
vercel_next.js_20100547604,vercel_next.js,20100547604,0.23693841257469916,False
vercel_next.js_20101119956,vercel_next.js,20101119956,0.19438848094399247,False
vercel_next.js_20103311689,vercel_next.js,20103311689,0.11006899817680627,False
vercel_next.js_20103971209,vercel_next.js,20103971209,0.13843355200866608,False
vercel_next.js_20103992366,vercel_next.js,20103992366,0.14029252499136308,False
vercel_next.js_20104736800,vercel_next.js,20104736800,0.23047381098960623,False
vercel_next.js_20104736883,vercel_next.js,20104736883,0.236832363998342,False
vercel_next.js_20104736928,vercel_next.js,20104736928,0.23224852399223078,False
vercel_next.js_20105088683,vercel_next.js,20105088683,0.21934259464503547,False
vercel_next.js_20105750205,vercel_next.js,20105750205,0.13989654184568961,False
vercel_next.js_20108757961,vercel_next.js,20108757961,0.035958125099858296,False
vercel_next.js_20108758179,vercel_next.js,20108758179,0.229841472258293,False
vercel_next.js_20108758251,vercel_next.js,20108758251,0.23224852399223078,False
vercel_next.js_20108758259,vercel_next.js,20108758259,0.23690251222595132,False
vercel_next.js_20109114679,vercel_next.js,20109114679,0.23614632747567516,False
vercel_next.js_20109288564,vercel_next.js,20109288564,0.14325906250956466,False
vercel_next.js_20111731381,vercel_next.js,20111731381,0.2188679689427333,False
vercel_next.js_20114349389,vercel_next.js,20114349389,0.2365485779256702,False
vercel_next.js_20114349390,vercel_next.js,20114349390,0.22968734643408195,False
vercel_next.js_20114349437,vercel_next.js,20114349437,0.23174446811919908,False
vercel_next.js_20114359188,vercel_next.js,20114359188,0.23661878799770025,False
vercel_next.js_20114360908,vercel_next.js,20114360908,0.23020785493261392,False
vercel_next.js_20114360989,vercel_next.js,20114360989,0.23174446811919908,False
vercel_next.js_20114467051,vercel_next.js,20114467051,0.2365485779256702,False
vercel_next.js_20114467054,vercel_next.js,20114467054,0.2319606966922947,False
vercel_next.js_20114467069,vercel_next.js,20114467069,0.23094322628678882,False
vercel_next.js_20115268301,vercel_next.js,20115268301,0.13940758740957954,False
vercel_next.js_20115271100,vercel_next.js,20115271100,0.23073507444652525,False
vercel_next.js_20115335227,vercel_next.js,20115335227,0.14192181151038846,False
vercel_next.js_20115885532,vercel_next.js,20115885532,0.12225028642871044,False
vercel_next.js_20116917212,vercel_next.js,20116917212,0.23091389661940004,False
vercel_next.js_20116917235,vercel_next.js,20116917235,0.2368742426819539,False
vercel_next.js_20116917243,vercel_next.js,20116917243,0.232209219279694,False
vercel_next.js_20116953421,vercel_next.js,20116953421,0.2314091162957223,False
vercel_next.js_20116953451,vercel_next.js,20116953451,0.2368742426819539,False
vercel_next.js_20116953466,vercel_next.js,20116953466,0.23316784483489578,False
vercel_next.js_20117047495,vercel_next.js,20117047495,0.14239065982781546,False
vercel_next.js_20117307842,vercel_next.js,20117307842,0.2368040882923273,False
vercel_next.js_20117514279,vercel_next.js,20117514279,0.13937089283815313,False
vercel_next.js_20117576137,vercel_next.js,20117576137,0.22047707396153093,False
vercel_next.js_20119124240,vercel_next.js,20119124240,0.12401002124160676,False
vercel_next.js_20119775241,vercel_next.js,20119775241,0.22976921571881914,False
vercel_next.js_20119775256,vercel_next.js,20119775256,0.23647320501593427,False
vercel_next.js_20119775301,vercel_next.js,20119775301,0.23193739989244044,False
vercel_next.js_20119921371,vercel_next.js,20119921371,0.23026616466347088,False
vercel_next.js_20119921401,vercel_next.js,20119921401,0.23654343151369628,False
vercel_next.js_20119921422,vercel_next.js,20119921422,0.23204953956914037,False
vercel_next.js_20120359495,vercel_next.js,20120359495,0.23026616466347088,False
vercel_next.js_20120359528,vercel_next.js,20120359528,0.23567411191543547,False
vercel_next.js_20120359552,vercel_next.js,20120359552,0.23284878892306854,False
vercel_next.js_20120360703,vercel_next.js,20120360703,0.23116467961935216,False
vercel_next.js_20121725898,vercel_next.js,20121725898,0.219755076167646,False
vercel_next.js_20121951195,vercel_next.js,20121951195,0.23023004478161985,False
vercel_next.js_20121951230,vercel_next.js,20121951230,0.23647320501593427,False
vercel_next.js_20121951254,vercel_next.js,20121951254,0.23237594363670155,False
vercel_next.js_20121954312,vercel_next.js,20121954312,0.22945164115096445,False
vercel_next.js_20121954346,vercel_next.js,20121954346,0.23654343151369628,False
vercel_next.js_20121954381,vercel_next.js,20121954381,0.23200004438701805,False
vercel_next.js_20121958320,vercel_next.js,20121958320,0.23026616466347088,False
vercel_next.js_20121958338,vercel_next.js,20121958338,0.23187176726288,False
vercel_next.js_20121958371,vercel_next.js,20121958371,0.23654343151369628,False
vercel_next.js_20122577472,vercel_next.js,20122577472,0.18980128614339659,False
vercel_next.js_20122628203,vercel_next.js,20122628203,0.13033595401282055,False
vercel_next.js_20122645496,vercel_next.js,20122645496,0.22895437612000097,False
vercel_next.js_20122645509,vercel_next.js,20122645509,0.23534577932934575,False
vercel_next.js_20122645529,vercel_next.js,20122645529,0.23429861005506541,False
vercel_next.js_20122832114,vercel_next.js,20122832114,0.1420174763268039,False
vercel_next.js_20122866515,vercel_next.js,20122866515,0.22783677310637512,False
vercel_next.js_20122872975,vercel_next.js,20122872975,0.22784681458012612,False
vercel_next.js_20122873001,vercel_next.js,20122873001,0.23450638669255958,False
vercel_next.js_20122873027,vercel_next.js,20122873027,0.23429861005506541,False
vercel_next.js_20124076780,vercel_next.js,20124076780,0.1391982728017358,False
vercel_next.js_20124079401,vercel_next.js,20124079401,0.13436685862005582,False
vercel_next.js_20124080383,vercel_next.js,20124080383,0.23116467961935216,False
vercel_next.js_20124408900,vercel_next.js,20124408900,0.22953314722308388,False
vercel_next.js_20124408919,vercel_next.js,20124408919,0.23200004438701805,False
vercel_next.js_20124408920,vercel_next.js,20124408920,0.23654343151369628,False
vercel_next.js_20124837388,vercel_next.js,20124837388,0.2338879505218116,False
vercel_next.js_20124837418,vercel_next.js,20124837418,0.19327799384096384,False
vercel_next.js_20125147009,vercel_next.js,20125147009,0.031003884558815753,False
vercel_next.js_20125147086,vercel_next.js,20125147086,0.017815047768441228,False
vercel_next.js_20125147201,vercel_next.js,20125147201,0.2108659607820289,False
vercel_next.js_20125147210,vercel_next.js,20125147210,0.13667432165194132,False
vercel_next.js_20125147254,vercel_next.js,20125147254,0.21149297071643347,False
vercel_next.js_20125147291,vercel_next.js,20125147291,0.21103671343667207,False
vercel_next.js_20125147304,vercel_next.js,20125147304,0.2114365538092865,False
vercel_next.js_20126158256,vercel_next.js,20126158256,0.21116486090377273,False
vercel_next.js_20126158358,vercel_next.js,20126158358,-0.055927566926762595,True
vercel_next.js_20126158360,vercel_next.js,20126158360,0.017815047768441228,False
vercel_next.js_20126158434,vercel_next.js,20126158434,0.21218514206355327,False
vercel_next.js_20126158442,vercel_next.js,20126158442,0.23407750034380087,False
vercel_next.js_20126189465,vercel_next.js,20126189465,0.22078914492719376,False
vercel_next.js_20127021334,vercel_next.js,20127021334,-0.05547559294575655,True
vercel_next.js_20127663849,vercel_next.js,20127663849,0.23654343151369628,False
vercel_next.js_20127663879,vercel_next.js,20127663879,0.23081944829902884,False
vercel_next.js_20127663943,vercel_next.js,20127663943,0.23180550705610775,False
vercel_next.js_20128886400,vercel_next.js,20128886400,0.061642219160716105,False
vercel_next.js_20129470365,vercel_next.js,20129470365,0.22834526489425955,False
vercel_next.js_20129470480,vercel_next.js,20129470480,0.06914247578442984,False
vercel_next.js_20130220797,vercel_next.js,20130220797,0.13502442127437597,False
vercel_next.js_20130623489,vercel_next.js,20130623489,0.2322479041886995,False
vercel_next.js_20130623600,vercel_next.js,20130623600,0.23023806607868869,False
vercel_next.js_20132403229,vercel_next.js,20132403229,0.23487286368227006,False
vercel_next.js_20132563286,vercel_next.js,20132563286,0.21807137964428652,False
vercel_next.js_20133535603,vercel_next.js,20133535603,0.1370054469266373,False
vercel_next.js_20134689503,vercel_next.js,20134689503,0.23244527435102952,False
vercel_next.js_20134993348,vercel_next.js,20134993348,0.23207240759985143,False
vercel_next.js_20135405803,vercel_next.js,20135405803,0.11791999481866255,False
vercel_next.js_20135737673,vercel_next.js,20135737673,0.23033577055222526,False
